feature,dominant_pc,PC1,PC2,PC3,PC4,PC5,PC6,PC7,PC8,PC9,PC10,PC11,PC12,PC13,PC14,PC15,PC16,PC17,PC18,PC19,PC20,PC21,PC22,PC23,PC24,PC25,PC26,PC27,PC28,PC29,PC30,PC31,PC32,PC33,PC34,PC35,PC36,PC37,PC38,PC39,PC40,PC41,PC42,PC43,PC44
delta_cpu_ns,22,0.028258918800687052,-0.042447218613256246,-0.07589401528232298,0.4154388772140143,0.4494148551942894,-0.11881422712737655,0.002589848807273846,-0.0735972293272252,-0.009871799493283474,-0.0072790591478419054,-0.001454731649506894,-0.005992553007082289,0.020464206758964768,-0.010959926020070546,0.021212399661267502,-0.019653534578889142,-0.06773270044257179,-0.00678441972522257,0.029270423291963363,-0.2566286863093497,0.31796983916409954,0.6397144393397005,-0.09876128338282789,0.0006750563404679929,0.025231104508997654,-0.06127767884817351,-0.010645700457049899,-0.005060367187989128,1.1808014065021877e-05,0.0,0.0,-0.0,-0.0,-0.0,0.0,-0.0,-0.0,0.0,2.959344394906508e-16,0.0,-0.0,-0.0,-0.0,0.0
delta_io_bytes,9,0.1396051680254404,-0.23287467498646414,0.00934038452672098,0.2046880495826261,-0.03301869339338337,0.008284815385598263,0.0998616050949604,0.05399979963754577,0.6021953936505074,-0.05099962562988129,-0.020859947313808587,0.0027832343336298363,0.013455374449987227,0.035103905972286326,-0.04129692981858925,0.02546441961268198,-0.296190299506328,-0.4788520507457557,0.05942116170037149,-0.02845083856394464,0.02866907467583915,-0.1631875004777531,0.0501121632202563,0.025295107802902103,0.020287403335978046,0.024766270727598114,0.07510078358911991,0.3770428029573992,-8.569139250699459e-05,-9.462818006500426e-16,5.948619331338466e-17,-3.306318978942014e-15,1.4246896137157149e-15,-3.9147088428503073e-16,-1.0426079148012773e-30,-4.408639786624353e-30,-2.682105632397002e-30,8.424431792856124e-16,-1.3070861063381712e-15,-1.478659977245624e-15,1.6439324443888202e-15,6.459992278468469e-16,-1.2947018019588828e-15,-1.5733960842250292e-15
delta_net_send_bytes,27,0.3710363996536062,0.13653587419879967,-0.2048691857536067,-0.322147874292525,0.21488303309482823,-0.13061867332327787,-0.20487311744653514,0.028897249912707652,0.08598168749538844,0.1239665477292066,0.017006049276647284,-0.004325372570246765,0.00464536679551521,-0.024570712414782373,0.025334694525900522,-0.013815208825505871,0.017481508199020637,0.035412870196757734,-0.06544577295767312,0.0013423054653670405,-0.07055306264723515,0.0336016744154043,-0.03935493157868673,-0.01834588650024722,0.18190741240807867,-0.14060547091790365,0.7064959094164653,0.039183429530198204,-2.4953327741889217e-05,9.715251523889798e-16,-2.128032027235143e-16,7.365337959756435e-16,-4.277268775788737e-17,-2.8551001034451683e-16,9.32652713957257e-32,1.99504712935766e-31,3.778017989544702e-32,6.880506302869575e-16,-1.2177144513233546e-15,7.283733789038294e-16,1.1507832210137264e-15,1.9802578320190216e-15,2.4762302433789185e-16,-8.074775850011685e-16
context_switches,42,0.0,5.551115123125783e-17,8.326672684688674e-17,0.0,-4.163336342344337e-17,-1.3877787807814457e-16,3.2959746043559335e-17,5.551115123125783e-17,-3.9898639947466563e-16,4.2327252813834093e-16,9.6710833785707e-17,-1.3530843112619095e-16,-2.914335439641036e-16,7.979727989493313e-17,-7.632783294297951e-17,-2.3592239273284576e-16,-8.326672684688674e-17,1.3704315460216776e-16,-4.440892098500626e-16,-1.1102230246251565e-16,6.938893903907228e-18,4.163336342344337e-17,1.6653345369377348e-16,-6.331740687315346e-17,-4.996003610813204e-16,7.771561172376096e-16,-3.3306690738754696e-15,-5.023759186428833e-15,4.289470796788042e-13,0.18409260150283285,-0.06999951114805521,-0.0829646900088652,0.16017555546234552,-0.11440229886907233,-8.22923306721218e-18,-1.173302582816792e-16,-1.2554470065890747e-16,0.2972963050618529,-0.12036172555773614,0.049766133282457645,0.5289965826632785,0.6517793510760046,0.021185234429638572,-0.324239912792379
syscall_count,29,0.43388581963982337,-0.3424614027961736,0.018382143840600555,0.03311173452523159,-0.09350205194737857,0.022369193432348253,0.009879458159332489,-0.0027450842902253052,-0.04325209713344708,0.036392485501821774,0.008183991197596595,-0.0017030436513929467,0.0011055437066961836,-0.01065035342008996,0.00886514723472026,-0.0041633477847530095,0.020435416159473044,0.034318412173121295,-0.00621196974911943,0.007853958980466504,-0.04043060417177421,0.024899582318754377,-0.022872267714861252,-0.016743264906869545,-0.016775095823422882,-0.02261023700051544,-0.10539454065394466,-0.22204692387628372,0.7837384908485475,-4.2783433271428693e-13,-5.1375472826612745e-14,-1.4268115784082365e-12,1.0677537937486037e-12,-3.1478375190726467e-13,-1.955237498164704e-29,-2.748421868450964e-28,-4.716033142047302e-28,7.798936338557933e-13,2.0085003988302865e-11,-9.13107660263879e-13,1.5280936659795438e-12,1.0138569372886026e-12,-2.1035187188553956e-14,-5.380489737425626e-13
delta_rss_memory,6,-0.0025422688814360377,-0.009172733965519927,0.1278203613408592,-0.05431812044132174,-0.02554354603387865,-0.5726163294715807,0.342262644989839,0.34834476142590093,-0.0882486411318223,0.03484397357453789,-0.006493237466391747,0.002905597140133151,0.0038556885457772592,0.016980079031427685,-0.03416626483703459,0.03704916927946682,-0.1604000288610302,0.05753295755139868,-0.010979137889641218,-0.05638523331005828,-0.2836645681761557,0.18091219337692976,0.4972090113790664,0.09424999390196039,0.007112859231639828,0.002987396530965551,0.00178774291609383,-0.00021314043568714831,-5.1614609000322284e-06,-2.3528411979790803e-17,-6.336181190046213e-18,2.842321065533085e-16,3.868165095174458e-17,1.738969597556945e-17,3.0552419669479643e-31,1.2586490892553396e-30,6.366125319440636e-31,-2.9286407637118733e-17,-1.2545522919087138e-16,-1.3314899712707344e-16,-2.191423923217345e-17,-9.119366932653918e-17,3.156614950447189e-16,4.0922227407477296e-16
delta_cpu_time_psutil,32,-8.673617379884035e-19,0.0,1.1102230246251565e-16,-5.551115123125783e-17,5.551115123125783e-17,-5.551115123125783e-17,-2.42861286636753e-17,-5.551115123125783e-17,7.927686285214008e-16,-7.7021722333370235e-16,-2.2876665839444144e-16,-1.6609977282477928e-16,3.694961003830599e-16,-1.2836953722228372e-16,-1.734723475976807e-18,2.688821387764051e-17,4.649058915617843e-16,-6.032500887709347e-16,3.8163916471489756e-16,5.551115123125783e-17,2.7755575615628914e-17,6.591949208711867e-17,1.942890293094024e-16,1.8518173106052416e-16,0.0,1.942890293094024e-16,-2.1649348980190553e-15,9.769962616701378e-15,7.970081625924275e-12,0.4067302944228276,-0.01987742330436542,0.6200502053973438,-0.3581242895370663,0.03178931252532541,-5.8131591579340986e-18,2.391379178615471e-17,1.0482938472506275e-16,-0.07632083023059018,-0.2091512463452968,0.4476393598371161,-0.20533028666834993,0.162289554560703,-0.005855514983744605,-0.044347588797428464
delta_cpu_time_proc,22,0.03473993115611191,-0.039579836522788556,-0.06392044785466071,0.35307553512231604,0.4153374291379558,-0.14336608199332546,-0.0008932066418914948,-0.16860586979791023,-0.17252653143408045,0.054779306405048175,-0.06462942262466485,0.005183170079143581,-0.03773091985739697,0.05865996716830161,0.017614663538637422,-0.023936045503314584,0.17913719033662548,0.017561668809194287,0.005989488265259587,-0.40168942090387777,-0.27143515435134646,-0.577079616278093,0.05981262038537803,0.0051428047386161534,-0.0019005921516695521,0.009956546283462918,0.001625859813299462,0.008758610826342262,3.0451412482792457e-05,-6.764894381080141e-17,-3.2871503637633555e-17,1.54250870146029e-16,1.0129537407713263e-16,-2.3426493202594576e-17,2.5475570440492386e-31,9.907701875620106e-31,4.788944798626311e-31,5.385290385242519e-17,7.825337297805814e-16,-6.396383519027609e-17,1.1015022204502978e-16,7.438991425803357e-17,3.44116058974676e-16,2.1360567669740268e-16
delta_instructions,16,0.0018653250725185362,-0.0026573150711951634,-0.009854111723331182,0.060071408078701365,0.07105156496116237,-0.022646887747073748,-0.0030824047052203057,-0.0498921611295946,-0.009517877647288758,-0.10875728924404783,0.4307782880649583,-0.04214791147065218,-3.938931715127175e-05,-0.37755545376526933,0.2574841413458976,0.7548869662906147,-0.03563597117128273,0.020323512653811018,-0.008933081360543698,0.0693313816299074,-0.02927937504967633,-0.052851447599162604,0.00604263434515995,0.0007448533812584863,0.0005322052967745295,-0.0008205748108423228,-2.0272467021311202e-05,-2.639909190579672e-05,5.612814262484934e-07,2.708920063737451e-16,1.145813404504622e-16,-5.034189585590703e-16,-8.314417419133216e-17,-1.1923718838041554e-17,-6.040538977327984e-31,-2.228882989238617e-30,-1.1156809896797416e-30,-2.1560341293049396e-17,-3.4233477169389263e-17,2.0414837772436796e-17,3.296461758656203e-17,9.049189079906726e-17,-9.071076461437033e-16,-5.085386240468309e-16
delta_cycles,12,0.0002243078644512148,-0.0007308813070197235,-0.0034741918218825106,0.01572416442835859,0.018916314496900257,-0.002043735100127595,-0.004093158139769007,-0.025193362073371528,-0.013984256555673681,0.036811272742432975,-0.0762345474528328,0.7602679175719625,0.5591060164481443,-0.19576601444889472,-0.2379951683911671,0.06705949417867389,0.02210939952032433,0.0032914486716079847,-0.0045023130055763146,0.021304058884355107,-0.008544494792419905,-0.015563334235181584,0.0020731753849889322,-0.00017586735956341275,-0.00043333186206714875,0.0009460092392555578,0.00011831278404690329,2.4240359510330622e-05,-1.6051620749799385e-07,8.225125417531431e-17,6.905994606307615e-17,-2.409018422852367e-16,-2.840420503201371e-17,-7.939048971630784e-17,-2.4310847723965222e-31,-8.777420273003113e-31,-4.939777210720219e-31,1.598935698977909e-16,2.8307739370335106e-17,4.969294952118452e-17,2.245495785269803e-17,1.319448226182835e-16,5.420161344994322e-17,-1.738999046324804e-16
delta_branch_instructions,15,0.0009164721102063822,-0.0021050727170111795,-0.007532118080883456,0.044911416728196006,0.054255803708857055,-0.018781254923007126,4.606481280038695e-05,-0.033156143630040706,-0.014331592002481576,-0.064641439625017,0.5336611033046669,-0.08938309156001714,-0.16624922539224463,-0.4292778594943839,-0.5905427897450894,-0.35540136244380116,-0.06600067749317516,0.027532868847517242,-0.0038394771551224804,0.03535605748972389,-0.02485790396733432,-0.04857126977909771,0.005426866916391384,2.3288880191875892e-05,-0.0006756041971762326,0.001618958389939269,0.0001531776189641609,5.59816154045574e-05,-1.5183478972226088e-07,2.0737092759594725e-17,-1.4398213189886093e-16,1.9577987002429085e-16,-1.3778888930560033e-16,-4.2214790520567475e-18,2.770605530560524e-31,9.204208382437574e-31,4.778422634960989e-31,-3.432742270408065e-17,1.1704217009748268e-16,2.002726322183099e-17,-2.1090916905837543e-17,-3.240054159836209e-17,3.23256172214864e-16,2.84220067072565e-16
delta_cache_misses,18,0.014153412948683249,-0.029841386127637336,-0.022023916983905052,0.15626422394787073,0.1378778146738402,-0.016268605063026926,0.025091854161313085,0.019671958675481792,0.44539022781642146,-0.37125544570968233,-0.0898007920937379,0.016961610096969053,0.006496131681606161,0.07821895717950528,-0.006170945276166597,-0.0308703222497834,-0.05951217186763759,0.7319605645523213,-0.04960170682229425,0.22578422568259846,-0.05369645928646611,-0.07948609802788222,0.00201401072362921,-0.0030070015318149883,-0.005100257199021119,0.004427350731508004,0.00066633861783604,-0.0005876154518967183,-4.953278040524581e-06,9.486650459484589e-17,-3.466861897898857e-18,-3.7678491361083826e-16,-2.1575342821737615e-17,8.280049735521153e-17,-4.044285750929676e-31,-1.611747978549476e-30,-8.370176827374933e-31,-8.357650333882694e-17,-1.6512875554137738e-16,1.5263949793255683e-16,5.127567441018625e-17,1.257306044185247e-16,-5.352159899280075e-16,-3.321911741090405e-16
delta_stalled_cycles_backend,17,0.010098113882850049,-0.020754119622181995,-0.0326648393766572,0.18847014439273152,0.20491841306041697,-0.0476347703014568,0.028050331820393574,0.27965763638631097,0.05454917338891093,-0.04800048841662332,-0.02143764276835109,0.02207841603778814,-0.11175891626176468,0.09934414638386836,-0.15111988551541294,0.08515780344306664,0.6715549928632041,-0.2598088733110557,-0.0807362873767242,0.5016157472781505,-0.020566006726205732,0.05316947123891217,0.03258147180252192,0.003264726902633164,-0.0007242843212805971,0.0011199540006623654,0.00019958288855837777,-0.0009712618168454468,-3.792825294240843e-06,-1.2978175409544546e-16,-1.746929575791992e-17,-6.613869722703159e-16,9.530974931691777e-18,9.62801446510725e-18,-4.496181444848739e-31,-1.8741106546248106e-30,-9.336135326030489e-31,-2.5814584413361083e-17,-3.086191329813935e-17,-3.816307395218372e-17,-5.328489847766099e-17,-2.0497400401050933e-16,-4.830094724830505e-16,-5.289727356813817e-16
delta_llc_load_misses,39,0.0,0.0,0.0,0.0,1.3877787807814457e-17,-0.0,-7.979727989493313e-17,-0.0,-1.942890293094024e-16,3.382710778154774e-16,-1.0495077029659683e-16,6.591949208711867e-17,-9.020562075079397e-17,2.5673907444456745e-16,-6.938893903907228e-18,-2.1510571102112408e-16,0.0,7.632783294297951e-17,-1.8041124150158794e-16,-3.122502256758253e-17,-1.1102230246251565e-16,-0.0,-5.551115123125783e-17,-1.734723475976807e-16,-3.3306690738754696e-16,-1.6653345369377348e-16,1.1796119636642288e-16,-9.228728892196614e-16,-1.7130820525144974e-11,0.5122658777199584,-0.08856964875091798,0.00036933265447697955,-0.1629950573917986,-0.0337864114075597,1.607741755863889e-17,9.745685475519993e-17,1.9537296553721142e-17,0.058347614893640626,0.6709749816491287,-0.22963110119154412,0.09418121070588267,0.046479704673725995,-0.36042172120160126,0.2339945465167912
delta_llc_store_misses,39,2.5849394142282115e-26,4.235164736271502e-22,-6.938893903907228e-18,3.469446951953614e-18,-0.0,-0.0,1.0408340855860843e-16,-5.551115123125783e-17,3.2786273695961654e-16,-4.2327252813834093e-16,-2.1684043449710089e-16,-9.71445146547012e-17,2.7755575615628914e-17,-1.942890293094024e-16,2.7755575615628914e-17,2.220446049250313e-16,1.6653345369377348e-16,-2.983724378680108e-16,3.7470027081099033e-16,-5.551115123125783e-17,2.7755575615628914e-17,-1.3877787807814457e-17,-2.7755575615628914e-17,-3.0531133177191805e-16,-3.3306690738754696e-16,-8.326672684688674e-17,7.28583859910259e-17,-5.412337245047638e-16,-1.3929085315722567e-11,-0.40164644140616185,0.45911105840378497,0.4315152319269109,0.10839780008696284,-0.04633912806676396,-1.0081200541866532e-16,-4.265010484201804e-18,5.3120674654651514e-17,-0.04849705124521859,0.548487312883029,0.016078664040194333,-0.03150723785871829,0.19298507920832966,0.11702221745164978,-0.26910112020619414
delta_cpu_migrations,40,-1.6155871338926322e-27,-2.6469779601696886e-23,1.734723475976807e-18,1.734723475976807e-18,-1.734723475976807e-18,-0.0,2.7755575615628914e-17,2.7755575615628914e-17,2.636779683484747e-16,-3.469446951953614e-16,1.2836953722228372e-16,3.469446951953614e-17,2.7755575615628914e-17,-1.1102230246251565e-16,-5.551115123125783e-17,-1.942890293094024e-16,5.551115123125783e-17,-1.5612511283791264e-16,1.457167719820518e-16,0.0,0.0,-5.551115123125783e-17,-8.326672684688674e-17,8.673617379884035e-17,-1.6653345369377348e-16,-5.551115123125783e-17,1.214306433183765e-17,-5.637851296924623e-17,1.005219085054021e-11,-0.017352381235960758,0.42805672405292283,0.3143768671355847,0.12590095041609609,-0.05269852041858723,-2.653873088706137e-16,-3.3679755300478723e-16,-2.107141638770627e-16,0.2895581061662859,-0.401693299186975,-0.44392472387002385,-0.0265710855950882,0.05529976077485751,-0.41421194112949306,0.285305372664855
delta_page_faults_min,8,0.0028060943106404594,0.0027560129353869475,-0.06555315546856474,0.1064883666807471,0.11478673009944158,0.14168824949710282,0.004433132652400201,0.787695328653875,-0.18628364078476736,0.14560663359969225,0.0023261313196846194,-0.00371992139800613,0.00880246423720671,0.012105719631534699,-0.04234182508644218,0.05575476939966758,-0.270383911677729,0.10378460975844414,0.0369134307618954,-0.032672721987458804,0.16117856079690845,-0.21226857019304832,-0.32953622327908055,-0.06000924465918915,-0.003300896426293735,-0.00357167274373499,-0.0007271342487623453,0.0003354506903470317,4.5694221721104575e-06,1.120935044956092e-16,2.8258282354237126e-17,7.830633805602832e-16,-2.4344788634784796e-17,-4.56854677745573e-18,5.765640787502726e-31,2.3808675330701964e-30,1.2087752291696117e-30,6.679096148426562e-17,1.7721398764511518e-17,-4.2247488607774164e-17,4.015795473508251e-17,9.23713917295527e-17,6.198368177540981e-16,6.65870254941288e-16
delta_page_faults_maj,15,0.0006093017263823319,-0.0008254847974166848,0.0045456081707548135,0.02505111364250201,0.032989624060051244,-0.0775395767115617,0.07391296288722188,0.14052948858599448,-0.01010848546191728,-0.23190637122016028,0.10900691122171886,-0.02676932866944121,0.25636958472600113,-0.3844914384866378,0.6288256037485143,-0.5038732513973576,0.11528940027701484,-0.11402834633418463,0.0049259019172276375,0.07737367573557791,0.010857953196728807,-0.06111697863189414,-0.03869404936433573,-0.00552649691237964,0.0003288211935485367,-0.001203985092758596,0.00010596669595155842,8.72926290374514e-05,9.027891347937421e-07,-7.516426530884763e-17,-2.822140071348192e-19,-6.24020568375059e-16,3.9052032982204194e-17,-1.1127172360670814e-18,-4.083089934198652e-31,-1.714774773437322e-30,-8.737446482725872e-31,-5.829210876106822e-17,9.713391807591918e-17,9.735181326258049e-17,2.174635289160596e-17,-3.768541866428284e-17,-4.147971838903742e-16,-5.816523580093182e-16
delta_stalled_cycles_frontend,12,0.00028426573747828766,-0.0008489562021763706,-0.003660298825056409,0.02243037814756556,0.028018679107743215,-0.010938097902963535,-0.0002925175668710268,-0.03617859468247619,-0.026941565099336578,0.034077934837723284,-0.4749663741557352,-0.5765844068516909,0.4510968440824855,-0.38230384630429337,-0.2568292556565444,0.12442385650342666,0.007354128340428424,-0.006671439010045939,-0.007743408006340525,0.07485772300471022,-0.010547665125155608,-0.019228477477256544,0.0028260647944255506,8.96559164588542e-05,-0.0003321295274439416,0.0008446153611637974,0.00018163946475487273,1.4793389305753328e-05,-2.484901869504821e-07,3.662941861633944e-17,1.4948167913898288e-16,-6.579832166603377e-16,-1.473222411854314e-16,-5.277410392741598e-17,-5.030964387837272e-31,-2.027876440427788e-30,-1.0229529803255071e-30,-2.6003880024264885e-17,-1.9810149767268536e-17,-1.2567886541276352e-16,-5.600743734921222e-17,-7.373031011741341e-17,-7.474579296909472e-16,-4.964905437906019e-16
delta_branch_misses,44,0.0,3.2311742677852644e-27,0.0,-6.776263578034403e-21,-0.0,-5.421010862427522e-20,-8.326672684688674e-17,-1.0408340855860843e-16,1.4710455076283324e-15,-1.7208456881689926e-15,-5.0306980803327406e-17,-3.677613769070831e-16,6.938893903907228e-16,-2.2898349882893854e-16,1.6653345369377348e-16,7.216449660063518e-16,5.551115123125783e-16,-9.97465998686664e-16,1.0156805951844206e-15,5.377642775528102e-17,3.469446951953614e-18,-1.734723475976807e-18,-1.734723475976807e-18,1.1102230246251565e-16,0.0,0.0,2.710505431213761e-19,-9.540979117872439e-18,-2.7861046802968303e-12,-0.2474146813097013,-0.12666729770629642,0.05774089953792812,-0.17947728475730665,0.013050111929295418,-9.938900382576605e-17,-1.1036934948116718e-16,-1.4925021372511156e-16,0.44673595595208043,0.11100439880180119,0.12424984689914448,0.01955629073157371,0.2160488942049855,0.4207492686559532,0.6600018355295753
delta_ref_cpu_cycles,33,-7.703719777548943e-34,-4.0389678347315804e-28,1.6940658945086007e-21,8.470329472543003e-22,-3.3881317890172014e-21,-5.421010862427522e-20,-4.163336342344337e-17,-2.7755575615628914e-17,2.220446049250313e-16,2.7755575615628914e-17,7.632783294297951e-17,-1.3877787807814457e-16,1.457167719820518e-16,-7.025630077706069e-17,-1.3183898417423734e-16,2.7755575615628914e-17,-2.7755575615628914e-17,5.551115123125783e-17,-1.1102230246251565e-16,-6.938893903907228e-18,-2.6020852139652106e-18,1.734723475976807e-18,1.734723475976807e-18,1.1102230246251565e-16,-3.0357660829594124e-18,-1.0842021724855044e-18,2.778268066994105e-19,-1.0598076236045806e-17,-3.037070595013347e-12,0.15867983287482854,-0.1786418467048502,0.1576872045882385,0.6755247121795651,0.12750558535246845,-4.059509012944135e-17,-2.3455947486421205e-16,-1.482501927085493e-16,0.4671130456565338,0.12100822363983829,0.30308114740859027,-0.18984717322651157,-0.27641944777254135,-0.06607073670913757,-0.06277311230711916
delta_l1d_load_misses,31,0.0,0.0,-2.117582368135751e-22,-2.117582368135751e-22,4.235164736271502e-22,6.776263578034403e-21,2.0816681711721685e-17,3.469446951953614e-17,-4.440892098500626e-16,5.551115123125783e-16,7.632783294297951e-17,-8.326672684688674e-17,-2.498001805406602e-16,1.5265566588595902e-16,0.0,-2.498001805406602e-16,-1.6653345369377348e-16,3.122502256758253e-16,-2.220446049250313e-16,-6.938893903907228e-18,-6.505213034913027e-19,4.336808689942018e-19,4.336808689942018e-19,1.734723475976807e-17,-5.421010862427522e-19,-1.3552527156068805e-19,2.964615315390051e-20,-1.0706496453294356e-18,-3.04790914729125e-13,0.20431812079800624,0.6948396850509788,-0.39774633588936686,-0.05585927331941723,-0.030961300411640878,-9.166232636733725e-17,-9.271396693135263e-17,-4.817861581106749e-17,0.08079512324245838,0.012143939938786001,0.4989709241900232,0.1357490736926434,-0.13860355863091928,-0.027411035380232193,0.13832381068069294
delta_dtlb_load_misses,13,0.0003947399878015981,0.00019097354273816877,-0.0014211077852900034,0.01141816727128368,0.013727435825679115,-0.005684291968071668,-0.002043617612921559,-0.016551310746141492,-0.013435263547097355,0.005419636801238768,0.5071291149694575,-0.2751926891670511,0.6108019622107437,0.5375131124235543,-0.04468970238284884,-0.025476508569428815,0.02969635337008137,0.004632866251408759,-0.0036716464166007432,0.01835462093068141,-0.009089242407139176,-0.0160989725226768,0.0015684067707715285,0.0006616992328188741,0.0009371926412102981,-0.0016793779870528736,2.69122566628875e-05,1.1727597163791374e-05,6.857854168652076e-07,-1.4337249310395693e-16,-2.523933006714454e-17,-8.264001299506466e-17,1.807826615480505e-18,7.549036584074478e-17,-2.513067877827998e-31,-9.466404300121964e-31,-4.296661216400292e-31,-1.273934538829176e-16,1.7669525622452552e-16,-3.8371151397415316e-17,-5.03011633378127e-17,8.821010991116265e-18,-4.576702557493851e-16,-2.8016666487419664e-16
delta_dtlb_store_misses,34,0.0,0.0,-1.2247442944613266e-22,-2.0110828642695485e-22,5.310499532590438e-22,7.99387343971246e-21,1.3660947373317356e-17,1.9081958235744878e-17,-2.636779683484747e-16,2.7755575615628914e-16,1.9905951886833861e-16,-9.020562075079397e-17,-1.249000902703301e-16,1.1796119636642288e-16,2.7755575615628914e-17,-1.1102230246251565e-16,-1.1102230246251565e-16,3.3306690738754696e-16,-1.942890293094024e-16,-9.974659986866641e-18,-7.233661369551725e-19,3.6083603553033194e-19,3.0895526751100605e-19,1.2671612890924333e-17,-3.6946518368048513e-19,-1.0573353461897821e-19,2.247108512303898e-20,-8.111390989337868e-19,-2.3020740659233767e-13,0.09913521670856543,0.03834475880149782,-0.07286530711764169,-0.32951858688309127,-0.5493643332666169,-4.2507502769601386e-17,-3.004887472527935e-16,-1.7566920697663896e-16,0.485746379733733,0.009172260764820153,-0.18654963779649186,-0.25109827387927686,-0.24136961895751896,0.20944788358635977,-0.3701302072767435
delta_node_load_misses,43,0.0,0.0,4.717110534183013e-22,7.747289606640695e-22,-2.0436014021005394e-21,-3.0802551650249645e-20,-5.2743047559630774e-17,-7.49454751730605e-17,1.0356299151581538e-15,-1.1102230246251565e-15,9.020562075079397e-17,-4.163336342344337e-16,6.661338147750939e-16,-2.220446049250313e-16,-3.469446951953614e-17,4.440892098500626e-16,3.885780586188048e-16,-5.551115123125783e-16,7.355227538141662e-16,3.916680348103885e-17,2.789358904647216e-18,-1.3920060045838367e-18,-1.1908555319456416e-18,-4.8811967651423566e-17,1.4230616735015275e-18,4.07218740813171e-19,-8.654263098384399e-20,3.123907288944629e-18,8.865869532124517e-13,0.48711799366019576,0.23067466360673097,0.017719195564336945,0.26664878250487145,0.1494664892628773,-7.330452668590122e-17,6.697366433108779e-17,2.0801394780042023e-17,-0.17716965935672352,-0.03532469626984327,-0.3666398283549591,-0.12557578113093915,0.06164908285845609,0.6525598687411606,0.057302100243667095
delta_disk_read_bytes,21,0.21461519136967697,0.12064663762365824,-0.1552362060222129,-0.12676179306738153,0.06629244971276733,0.0712010926201742,0.40175756591441847,-0.0845441093508719,-0.2109627698898377,-0.3240306675843017,-0.04678821109958638,0.01408052691477372,-0.020013825165089823,0.06951175498273555,-0.07516433797786153,0.04105129258686287,-0.002058801186607397,-0.02657207746361199,0.2944823320089176,0.049240203514539005,0.5023098940676985,-0.2077593641057201,0.1809706640213143,0.3455201611123639,0.13033427428497357,-0.03263456540751976,0.03226466929207591,-0.013390677072352534,8.202431424503958e-06,1.3162546196585083e-16,1.1401955363535746e-18,-4.609653564093551e-16,-2.037722867381212e-17,-5.607357954065738e-18,-4.035736676054369e-31,-1.5810302962410792e-30,-8.070157104510783e-31,1.4542472854464053e-17,3.7206313067187466e-16,-2.29728464096158e-17,8.10257811367082e-17,1.133819131016687e-16,-6.50143264714451e-16,-4.480819121576225e-16
delta_disk_write_bytes,7,0.08803470466818536,0.19166145599528295,-0.3769510929783151,-0.0015935219617751262,-0.01976947009460119,0.16087293059669575,0.5369940152675908,-0.06867595765475222,-0.05475692353258267,-0.17618148706918116,-0.02718611963096998,0.007254903329463255,-0.007846169886514568,0.04057312941453446,-0.04228860374660856,0.02333293357674045,-0.05082604599858863,-0.08943634032976427,0.054246975105686324,-0.007166109046468459,-0.3672557256461715,0.1360550266843564,-0.2119873101179372,-0.4821910784932333,-0.08880725817991467,-0.05368315103134685,-0.002055997196975493,0.004135991236160692,1.656262544097174e-05,3.432758357451667e-17,-9.169147943744693e-17,-3.702291216973788e-16,9.737623065276284e-18,1.758061997607035e-17,-2.539329261609655e-31,-1.0329699881334333e-30,-5.552578174822988e-31,6.734641592639608e-17,1.7473371997699805e-16,3.2717070761212035e-17,-1.211560683815079e-17,-3.077906847219974e-17,-2.9621393271605354e-16,-1.6767031993103266e-16
delta_net_recv_bytes,27,0.22708985330672538,0.3538356894682694,-0.18525854189975047,-0.3189532591167549,0.28113735762744885,-0.1341331869578951,-0.18459213229549293,0.04338327264800189,0.25055687045516534,0.0951668473491217,0.007669311179074592,-0.002719337684856172,0.00673255670993912,-0.010778915723472986,0.010710908960317,-0.0056664982713749016,-0.05657762777190174,-0.08929400225465609,-0.026929881807259696,-0.005100263560432681,-0.03154873567252198,-0.03723904304927828,-0.0008454588444239584,0.030188324317125096,0.09894558413798638,-0.16560337242648207,-0.6544195119616848,-0.03581684266766336,0.00016290052174733788,-9.320122968989153e-16,2.065435130879263e-16,-9.692911352717638e-16,2.247591404379434e-16,1.316279834084356e-16,-1.7411224217708215e-31,-5.915485333556263e-31,-3.1773191156960355e-31,-4.2601462761513617e-16,4.755797820822818e-15,-7.69634753013119e-16,-6.63235045785785e-16,-1.4200215357425343e-15,-2.6465614350435177e-16,4.2979889242243634e-16
delta_net_send_packets,26,0.333250506907847,0.3554929968350466,0.10709692511939864,0.06685191563170119,-0.0023866974865577976,-0.061179918069578086,-0.1444460765155209,0.02013449542800389,-0.01615800326479271,-0.07586914827574899,-0.008718170268563794,0.0011462567274509823,0.0018041666533161742,0.011464746929714073,-0.009155991188476072,0.004777328350127172,-0.021920933624531822,-0.026114705117913115,0.00010358839244619446,-0.016597463247392405,0.11321515184009376,0.004624428883785919,0.09292072733531548,-0.16618953608361114,-0.3644541919284967,0.728487924913639,0.032819641715138535,0.012093126046916293,-0.00033939372869049066,-1.5797837832690057e-17,5.64227972024759e-17,4.546748642263443e-16,-5.031230314779365e-16,2.1111470337861862e-16,-9.156476956613973e-32,-2.326867592346837e-31,3.7549465070907536e-32,-4.924361291392717e-16,-8.659793912786536e-15,3.2935200818355567e-16,-9.343905302945432e-16,-8.179896320155594e-16,-9.769066436741467e-17,3.623418293047565e-16
delta_net_recv_packets,26,0.21315393051841908,0.36022919273208087,0.4064609767801256,0.17262052397898722,-0.04885855519161248,0.11563734464097859,0.07308663903503791,-0.0025664687350258207,0.025305924545156996,0.02509681083375476,0.0020993209965984383,-0.0004589503332512583,0.00022048368391693304,-0.003821274672253601,0.0024437978456162456,-0.001724469557913005,-0.003584888559848164,-0.011913844814147197,-0.03939718518583782,-0.0046491956996829835,-0.03949186694931496,-0.009629473974776724,-0.03464085323417206,0.17045102138634965,-0.5246529903952166,-0.5391310781591585,0.0883996794399196,0.003755552846180865,5.1483270950882744e-05,5.5474880153003105e-18,-4.605316317121038e-17,-2.345826590174107e-17,7.758729201162255e-17,-4.4236212828822693e-17,5.491642912376865e-32,1.064264914130102e-31,2.8194324161713064e-32,1.1074174115851447e-16,9.250258847692335e-16,1.3232290838779377e-16,2.474164458916257e-16,3.3233399895991854e-16,1.1431878747619664e-16,-2.0726672950217925e-16
hw_numa_node_count,41,0.0,0.0,4.0307409599731675e-22,6.619986810240362e-22,-1.7462467668919095e-21,-2.632086035418108e-20,-4.507106333593017e-17,-6.406835265678133e-17,8.853195914914172e-16,-9.975226836562709e-16,-5.2565275343678344e-17,-1.4548293032994148e-16,4.736753659518903e-16,-1.6248339171407998e-16,3.9907462693455076e-17,3.7338572241046105e-16,3.324949884369045e-16,-5.322265902106168e-16,6.271912624335391e-16,3.34339264381501e-17,2.3834492064219487e-18,-1.189455138864519e-18,-1.017573246607247e-18,-4.1709376400616164e-17,1.2159944992368818e-18,3.4796510760895167e-19,-7.395001478358188e-20,2.669354967525858e-18,7.57581800487276e-13,0.036663737062306745,-0.07167561620442617,0.32471079683540083,0.15956533572284637,-0.5150741920830624,1.4916864424340054e-16,2.475166978321052e-16,1.5349702004294433e-16,-0.22025014022333844,-0.030184683978224897,0.05462511640811024,0.5771194697160229,-0.3941843105286612,0.1428052394667238,0.189926625203587
hw_freq_ratio,20,0.00510438758327832,0.0028528298902691035,-0.036852627848203284,0.19489219096721977,0.2035628393297415,-0.1018385157760834,-0.03312557493412777,-0.27028341885336316,-0.2707274033628974,0.23385494559080014,-0.03912020067222239,0.03889418655036941,-0.03581788328304312,0.07422011028512751,0.10042565194379206,-0.0882360910559934,-0.47401727239547997,-0.06403727611356293,0.003709570678313373,0.6627475494015079,-0.06581685902332277,-0.08030692041198492,0.001628644170201771,0.010662364187331961,-0.00379723373534142,0.0050091649775131425,-0.00016950094866451142,0.0003810786310925425,-6.336164468477734e-06,5.647759673045815e-17,7.079772099248887e-18,1.0322634417783198e-15,2.369894087855462e-17,-1.070315637707394e-17,7.875480418096982e-31,3.2113082210264995e-30,1.6400172897553658e-30,7.646398631444245e-17,-2.1872663445600667e-16,-4.933534694955056e-17,8.769528690069888e-18,7.67537436394445e-17,9.227650490099193e-16,8.27031880641781e-16
delta_fp_add_sub,34,0.0,0.0,4.227941154594779e-23,6.943863412665467e-23,-1.8316802407142295e-22,-2.7608583588195902e-21,-4.727612254214309e-18,-6.720283630097123e-18,9.286330163624591e-17,-1.0463255388409375e-16,-5.5136981794495175e-18,-1.5260054529286195e-17,4.9684948586739415e-17,-1.704327381956834e-17,4.185989761501274e-18,3.91653266234156e-17,3.487619917203154e-17,-5.582652734737119e-17,6.578760025954783e-17,3.5069649712367e-18,2.500057207790572e-19,-1.2476481081490802e-19,-1.067357056647478e-19,-4.374996824847377e-18,1.2754858816624858e-19,3.649889718620565e-20,-7.75679494145608e-21,2.799950638231958e-19,7.946457745757699e-14,-0.00692201095711098,0.04760918300496575,0.16172327748014362,-0.3084008819059337,0.6107423154767121,-1.7256596089786674e-16,-2.5752583933640067e-16,-3.9135664087074287e-16,0.2757635060835784,-0.003166144113384662,-0.13640595650895826,0.4479894517232144,-0.3829453686975487,0.11002073116957638,-0.22204811827246507
delta_fp_mult,36,0.0,0.0,1.786751413249877e-36,2.915225990039273e-36,-8.275480229788904e-36,-1.1134282490988707e-34,-1.910522504832138e-31,-2.9582283945787943e-31,4.141519752410312e-30,-4.141519752410312e-30,-2.341930812374879e-31,-6.409494854920721e-31,2.0214560696288428e-30,-7.642090019328552e-31,1.910522504832138e-31,1.5777218104420236e-30,1.5284180038657104e-30,-2.3665827156630354e-30,2.8596207814261678e-30,1.4791141972893971e-31,1.0785207688568521e-32,-5.3926038442842604e-33,-4.237045877651919e-33,-1.910522504832138e-31,5.585196838722984e-33,1.5888922041194696e-33,-3.490748024201865e-34,1.2711137632955757e-32,3.4331226595218434e-27,-2.7755575615628914e-17,1.1102230246251565e-16,-1.8041124150158794e-16,5.551115123125783e-17,1.3183898417423734e-16,0.338921619092416,0.9174257826514232,-0.2084755847532257,4.440892098500626e-16,-1.3530843112619095e-16,-5.551115123125783e-17,-1.1102230246251565e-16,-9.020562075079397e-17,-2.7755575615628914e-17,0.0
delta_fp_div,37,0.0,0.0,1.3635734469538535e-36,2.445028249710358e-36,-6.58276836460481e-36,-9.328723168125674e-35,-1.6640034719505718e-31,-2.2186712959340957e-31,3.1554436208840472e-30,-3.6484816866471796e-30,-1.910522504832138e-31,-5.423418723394456e-31,1.627025617018337e-30,-6.162975822039155e-31,1.4791141972893971e-31,1.2818989709841442e-30,1.232595164407831e-30,-1.9721522630525295e-30,2.3665827156630354e-30,1.2942249226282225e-31,8.859277744181285e-33,-4.4296388720906425e-33,-3.659266894335748e-33,-1.6640034719505718e-31,4.237045877651919e-33,1.2518544638517033e-33,-2.7685242950566515e-34,1.0400021699691074e-32,2.6253290925755273e-27,-2.42861286636753e-17,1.6653345369377348e-16,-0.0,-2.7755575615628914e-17,2.220446049250313e-16,0.2488420149152427,0.12628396320116073,0.9602760083700574,6.661338147750939e-16,-1.0755285551056204e-16,-2.7755575615628914e-17,2.220446049250313e-16,-0.0,8.326672684688674e-17,1.1102230246251565e-16
delta_fp_mac,35,0.0,0.0,-4.9370762734536075e-37,-9.874152546907215e-37,2.162909605513009e-36,3.3101920919155616e-35,5.854827030937197e-32,8.936314941956774e-32,-1.0846837446788912e-30,1.2818989709841442e-30,5.854827030937197e-32,1.9721522630525295e-31,-5.9164567891575885e-31,1.9721522630525295e-31,-5.546678239835239e-32,-4.683861624749758e-31,-4.190823558986625e-31,6.656013887802287e-31,-7.888609052210118e-31,-4.0059342843254506e-32,-3.0814879110195774e-33,1.6370404527291505e-33,1.1074097180226606e-33,5.546678239835239e-32,-1.6370404527291505e-33,-4.333342374871281e-34,9.027796614315168e-35,-3.274080905458301e-33,-9.592548607487504e-28,6.071532165918825e-18,-0.0,-1.1102230246251565e-16,0.0,5.551115123125783e-17,0.9073090916136008,-0.37733578410300833,-0.18549371501662906,-1.249000902703301e-16,4.336808689942018e-17,-0.0,-5.551115123125783e-17,5.551115123125783e-17,-2.7755575615628914e-17,0.0
syscall_class_file,28,0.4100421121849977,-0.275096505882449,0.015223887056033353,-0.04801864799033772,-0.08950518260689747,0.02262220198426528,-0.02435387621019343,-0.024317844056214566,-0.2891690342016452,0.055813951056043525,0.01726636191255507,-0.0028627077488690964,-0.004179114515767827,-0.025355664756499634,0.025081765681499443,-0.013974170786730827,0.14076573318631408,0.23003716940219732,-0.023370912181236228,0.02392628068849706,-0.042310602242081795,0.09679165575773864,-0.041235267582759735,-0.020066603337311608,-0.01745797337942509,-0.04471799097342285,-0.2027426426245168,0.6864942060882555,-0.23156311285740022,1.2439796180338421e-13,1.52272498815075e-14,4.18117695557844e-13,-3.1280547385418423e-13,9.250660132981649e-14,6.319086737544894e-30,8.305883516188249e-29,1.3952655907069967e-28,-2.291809866685562e-13,-5.932710378978289e-12,2.668527193680976e-13,-4.4881033611293163e-13,-2.9889894798851664e-13,6.801404121233783e-15,1.5915755530760006e-13
syscall_class_network,25,0.17090073719771512,0.2524026061150937,0.4418578292468051,0.17393586277469295,-0.0509643466348044,0.1309203022714841,0.006708513575370158,0.008683689842600192,-0.12861599039086588,-0.26208992973942963,-0.038256185600717536,0.009595593718078171,-0.004219607973725902,0.045242140974639466,-0.039377188783544036,0.014797676115609762,-0.08971035401522097,-0.09288006389247987,-0.34085666144541593,-0.023597303377350064,-0.10289858648730187,0.022293905022043085,-0.053876930718159424,-0.06633401786047219,0.6465754913217938,0.02351409451484383,-0.02620687282659419,-0.0032360349714016376,-0.0002571183886624797,2.401395731518124e-16,1.0909688547866802e-17,6.049539654212753e-16,-3.3459501612585786e-16,7.499477707652623e-17,6.66508812090861e-32,3.6981937581645717e-31,2.7872652874891376e-31,-1.9229723729751513e-16,-6.297166973558401e-15,2.1664523051906804e-16,-3.982063188571605e-16,-2.1072136585462136e-16,6.225077354408822e-17,2.148047014172403e-16
syscall_class_memory,6,0.024075460365173152,0.03870376187939032,-0.24304253916528698,0.13061457883413186,0.08571591867128397,0.6314796443301567,-0.18094993132109638,0.14718494716485042,-0.04481448327270024,0.019540734306594507,0.012994218584981187,-0.007734363680414265,0.02970351436678521,-0.04001272332613729,0.06255571649853287,-0.04551754954764145,-0.07219318939675375,0.007608025037018205,0.009257571806062345,-0.024333558714908415,-0.23576567583465668,0.147284500509856,0.5874990281144161,0.14685109694590662,0.012404847638493208,0.007873925061694308,0.004791644036193861,-0.0005807416971238099,-2.339248129494962e-05,-4.166437303100107e-17,1.6342405885210791e-18,8.338101802050615e-17,3.4191261239749944e-17,-3.67264214352054e-18,1.1829341379945112e-31,4.679283363098246e-31,2.507854101449126e-31,-3.3231951586207334e-17,-4.845044716660023e-16,-4.4500114551622755e-18,-5.080532266816232e-18,-3.565026482747916e-17,1.6886797776974565e-16,1.0044533247705928e-16
syscall_class_process,24,0.06509429410473407,0.20287613030562573,-0.3900099191024893,0.303390198255418,-0.38781786354615216,-0.15759218425218094,-0.06092161556625708,0.007376749739138751,0.0034336391775211033,0.006386165975785462,0.0027489015054250948,-0.0014100539471687166,0.0002892013298194644,-0.004780332389551985,-0.002518151699537965,0.002366485709229609,0.020761804256812642,0.005229040982051742,-0.04001473878018293,-0.023777354480148803,-0.2374311440916766,0.08524496450636508,-0.30540988740001845,0.5943418912690767,0.06586050568695322,0.11913708938036506,-0.00592690007794201,-0.0007797244591903732,-0.00039062331687169955,1.903316950430251e-16,7.867517441886011e-17,7.310110359695197e-16,-4.9420404324463725e-16,1.2961702247066213e-16,8.192983699201824e-32,4.267037716600135e-31,4.047939032595427e-31,-4.530824004822521e-16,-9.792795349783205e-15,3.7582669326580086e-16,-7.15550990195813e-16,-4.805193797918079e-16,4.891977114191392e-17,2.233522324658332e-16
syscall_class_other,28,0.42504251665449244,-0.3554579912928706,0.018819440121414593,0.06404452459807201,-0.09096739075347043,0.02120175863461407,0.02293331542928646,0.006062288649564784,0.05728082286077851,0.026925774738216557,0.004171158625430013,-0.001161449294822109,0.0031777566518394807,-0.004271877069659027,0.001955237166837561,-3.6900044242960054e-05,-0.028735731154089214,-0.04574301872641148,0.0015041149249980317,0.001085688716328114,-0.03789775470419686,-0.005112265517885105,-0.014341012184675447,-0.015184047876641,-0.015923145205483772,-0.013586806120125278,-0.062089081044184355,-0.577878004866743,-0.5763088864323824,3.164549206872332e-13,3.7794903499750076e-14,1.0536770000094355e-12,-7.882157259228432e-13,2.3220821398355e-13,1.4445546310864724e-29,2.0283535701553236e-28,3.4807346324700172e-28,-5.752775158588401e-13,-1.477080550282163e-11,6.744847619527058e-13,-1.1273294592020405e-12,-7.47226567142023e-13,1.5598032111358135e-14,3.966498495213812e-13
syscall_class_sched,19,0.030708228390191397,0.10280393025239778,-0.12810029192230019,0.10217669979137937,-0.09711999470005066,0.08126616330349934,0.4023289978099925,-0.07424027144666054,0.16723074534852192,0.5280407305550129,0.07260811560928501,-0.016310353393731936,0.005520554346576064,-0.08694572380008689,0.08794499190570608,-0.03901345120930378,0.1033058149840417,0.1587503020030125,-0.5302759336054,-0.01597244535425228,0.30777704459517596,-0.09839664439374551,0.1339388415265483,-0.03673642731240611,0.06297851217910687,0.06348162357254769,-0.005350711333754817,-0.00043914937100788984,-0.00032985501454788643,1.226515269888541e-16,5.746339298062839e-17,1.6569828390514488e-15,-4.434715664276306e-16,9.355472765698705e-17,1.0144577434685932e-30,4.187081184552306e-30,2.255462390245176e-30,-3.427765428704427e-16,-8.397359980861541e-15,2.652689986762627e-16,-6.278275117108137e-16,-4.733758218079481e-16,1.2107655084003277e-15,1.3263045796851227e-15
syscall_class_signal,24,0.042569463994885995,0.13973615588988925,-0.26947331976240885,0.32500728982178856,-0.40683942997145195,-0.24700652363933093,-0.3177669237966563,0.03199252266058396,-0.06948238451661448,-0.09479207063121921,-0.011363118235597295,0.002612465198486784,-0.0022714175306598598,0.012008897783436615,-0.015364267185972646,0.006628514494884384,0.01120815094935569,0.01069778861940667,0.0779040444341096,0.009174088856585263,0.2673754267899227,-0.11373214270977008,0.27309358650485593,-0.43522147930145516,0.07690711711325907,-0.31098376159367913,-0.007283034227435851,-0.003610404051373735,0.0002942781618107915,-8.017728298802397e-17,-5.901025361406137e-17,-6.275982399395291e-16,4.1872245975281357e-16,-1.0545755397132035e-16,-1.6016302367102824e-31,-7.3360958947434555e-31,-5.164867124753615e-31,3.845119354587231e-16,7.380670586197009e-15,-2.160955350125089e-16,6.12533756567418e-16,4.827851967147019e-16,-1.2260925870380854e-16,-3.469341410393816e-16
syscall_class_time,19,0.06919188599071338,0.18419490335387223,0.2253700955406773,0.1507404566424675,-0.0709436628752766,0.06647611737134498,0.11074161677913391,-0.01646604458896283,0.17367668398060943,0.41932923648191833,0.060601872440333014,-0.015208598729360675,0.006401461330332064,-0.07563315147789419,0.0641600240125652,-0.02621526896513957,0.15830590031856906,0.16023505028069152,0.6949435212267078,0.04440820767301494,-0.08536489994354135,0.039764096696751655,-0.01859105047435109,-0.07734786684425315,0.2995492349283189,0.0686483778161839,0.002671840204614367,-0.0036170593692633466,4.0251363613918344e-05,1.1381686995621944e-16,-1.0458688244222875e-17,-2.2100195639826987e-16,4.228288979399576e-17,-3.644859912051781e-17,-2.1994261052384546e-31,-8.437267211912976e-31,-4.414075650312521e-31,1.3092785730365716e-16,1.0329735121095997e-15,-7.528344556057492e-17,1.6735082091654184e-16,1.9297986090249909e-16,-3.0719230621303856e-16,-1.4306455511228298e-16
